id,first_name,last_name,email,gender,Salary
1,Meade,Mosedale,mmosedale0@123-reg.co.uk,Male,199384
2,Rowe,Caw,rcaw1@devhub.com,Female,447716
3,Selina,Roze,sroze2@cam.ac.uk,Female,236630
4,Farra,Malter,fmalter3@digg.com,Female,564983
5,Giavani,Heys,gheys4@chicagotribune.com,Male,336469
6,Lorianna,Mengue,lmengue5@cloudflare.com,Female,508513
7,Umeko,Yter,uyter6@weebly.com,Female,252741
8,Cordelie,O'Dunneen,codunneen7@cbsnews.com,Female,218753
9,Saxe,Fosbraey,sfosbraey8@naver.com,Male,475123
10,Hector,Savins,hsavins9@tumblr.com,Male,189026
11,Jakob,Orae,joraea@soup.io,Male,767478
12,Gussie,Michal,gmichalb@gravatar.com,Female,498817
13,Lisa,Scargle,lscarglec@umn.edu,Female,169169
14,Temple,Gerardot,tgerardotd@chicagotribune.com,Male,240828
15,Nadiya,Shiel,nshiele@cornell.edu,Female,316151
16,Charil,Angel,cangelf@pcworld.com,Polygender,611352
17,Rita,Yateman,ryatemang@accuweather.com,Bigender,646717
18,Selie,Cattow,scattowh@examiner.com,Female,410552
19,Phillipp,Bohike,pbohikei@forbes.com,Male,665079
20,Adair,Tasch,ataschj@storify.com,Male,773935
21,Raf,Kimbly,rkimblyk@reddit.com,Genderfluid,749151
22,Zane,Maudlin,zmaudlinl@histats.com,Male,635500
23,Inez,Stoggell,istoggellm@nps.gov,Female,998082
24,Merv,Rodenborch,mrodenborchn@census.gov,Male,173265
25,Ingrid,Johnsson,ijohnssono@amazonaws.com,Female,737113
26,Hamid,Matuszak,hmatuszakp@multiply.com,Male,547443
27,Corliss,Chaunce,cchaunceq@4shared.com,Female,165710
28,Perceval,Domesday,pdomesdayr@statcounter.com,Male,44715
29,Quinton,Low,qlows@hatena.ne.jp,Male,505418
30,Dru,Petegree,dpetegreet@qq.com,Male,683667
31,Ilyssa,Lohering,iloheringu@php.net,Female,616556
32,Leonhard,Dyne,ldynev@amazon.com,Male,175337
33,Nikola,Seaward,nseawardw@odnoklassniki.ru,Male,833964
34,Nels,Gres,ngresx@hud.gov,Male,448459
35,Gerry,Wychard,gwychardy@creativecommons.org,Female,608760
36,Waylan,Baistow,wbaistowz@51.la,Male,938379
37,Maxy,Wycliff,mwycliff10@washington.edu,Female,287746
38,Alistair,Bultitude,abultitude11@feedburner.com,Male,718108
39,Issy,Knoble,iknoble12@wikia.com,Genderfluid,465330
40,Gilbert,Saunper,gsaunper13@wix.com,Male,64094
41,Torrence,Toulmin,ttoulmin14@topsy.com,Male,287390
42,Sayre,Mowsdill,smowsdill15@guardian.co.uk,Male,848593
43,Maryanne,Pumphreys,mpumphreys16@cdc.gov,Female,99935
44,Constancia,Culter,cculter17@abc.net.au,Non-binary,854877
45,Gram,Farrow,gfarrow18@shop-pro.jp,Male,890835
46,Brett,Rivard,brivard19@seesaa.net,Male,507983
47,Winslow,Philo,wphilo1a@ezinearticles.com,Male,938257
48,Shalne,Hegg,shegg1b@vinaora.com,Non-binary,281781
49,Barnebas,Fullager,bfullager1c@cisco.com,Genderqueer,999735
50,Herby,Vallance,hvallance1d@fc2.com,Male,257803
51,Karyn,Dulson,kdulson1e@washington.edu,Female,97305
52,Garret,Chatburn,gchatburn1f@pcworld.com,Male,535859
53,Daniel,Gellibrand,dgellibrand1g@github.com,Male,714260
54,Roderigo,Licas,rlicas1h@networksolutions.com,Male,74220
55,Pip,Churchward,pchurchward1i@t.co,Male,29772
56,Dasi,Bostock,dbostock1j@reddit.com,Female,478795
57,Bird,Schwander,bschwander1k@1und1.de,Female,170227
58,Harmon,Pestridge,hpestridge1l@miibeian.gov.cn,Male,918346
59,Creigh,Rosentholer,crosentholer1m@ustream.tv,Male,341425
60,Melly,Monson,mmonson1n@forbes.com,Female,748183
61,Rakel,Imloch,rimloch1o@wikimedia.org,Female,911835
62,Dot,Dishmon,ddishmon1p@t.co,Female,248896
63,Ozzy,Allibon,oallibon1q@indiegogo.com,Male,636728
64,Pavlov,Borthram,pborthram1r@merriam-webster.com,Male,406954
65,Brinna,Silly,bsilly1s@boston.com,Female,974103
66,Adriano,Petch,apetch1t@123-reg.co.uk,Male,738381
67,Elicia,Wiszniewski,ewiszniewski1u@redcross.org,Female,481692
68,Wilbert,Gaughan,wgaughan1v@wikispaces.com,Male,636337
69,Barny,Batts,bbatts1w@sun.com,Male,427095
70,Teodora,Jahndel,tjahndel1x@spotify.com,Female,357524
71,Lindon,Soloway,lsoloway1y@facebook.com,Male,758369
72,Cheri,Westlake,cwestlake1z@elpais.com,Female,7310
73,Aimil,Bootes,abootes20@youtube.com,Female,993657
74,Graig,Casswell,gcasswell21@examiner.com,Male,349427
75,Joellen,Pawel,jpawel22@nps.gov,Female,208185
76,Clemmie,Tull,ctull23@photobucket.com,Female,764140
77,Brigham,Molyneux,bmolyneux24@ebay.co.uk,Male,256072
78,Beckie,MacElane,bmacelane25@exblog.jp,Female,377314
79,Laurianne,Redferne,lredferne26@wufoo.com,Female,678168
80,Rosalyn,Loadwick,rloadwick27@dailymotion.com,Female,619274
81,Rhodie,Ronchi,rronchi28@imgur.com,Female,269620
82,Silvanus,Wood,swood29@omniture.com,Genderqueer,536146
83,Felizio,McNeillie,fmcneillie2a@apple.com,Non-binary,90560
84,Nester,Burges,nburges2b@desdev.cn,Male,312233
85,Leopold,Shorthouse,lshorthouse2c@state.gov,Male,880804
86,Corina,Beane,cbeane2d@imdb.com,Female,316141
87,Rollins,Tomankiewicz,rtomankiewicz2e@berkeley.edu,Male,854633
88,Brook,Gant,bgant2f@goo.gl,Genderfluid,200207
89,Harry,Blais,hblais2g@nydailynews.com,Male,80694
90,Lauralee,Pickford,lpickford2h@acquirethisname.com,Female,436183
91,Amalee,Saveall,asaveall2i@telegraph.co.uk,Female,655789
92,Bald,Leisk,bleisk2j@hibu.com,Male,717393
93,Heall,Robson,hrobson2k@blogtalkradio.com,Male,245617
94,Cornell,Tow,ctow2l@phpbb.com,Male,331552
95,Hank,Flett,hflett2m@bloomberg.com,Male,19072
96,Arvie,Tyne,atyne2n@netscape.com,Male,664125
97,Sioux,Jeeves,sjeeves2o@ihg.com,Genderqueer,36910
98,Corina,Nurny,cnurny2p@altervista.org,Female,111581
99,Harp,Cobbled,hcobbled2q@goodreads.com,Male,817043
100,Garry,Reggiani,greggiani2r@hud.gov,Male,133897
